﻿Account Name,Billing City,Billing State,Billing Contry,Hotel Cat,Contact Name,Salutation,Is Partner Hotel
Grand Hotel Bellevue,New York,New York,United States,3 star,John Smith,Mr.,TRUE
Grand Hotel Bellevue,New York,New York,United States,3 star,Emily Johnson,Ms.,TRUE
Grand Hotel Bellevue,New York,New York,United States,3 star,Michael Brown,Mr.,TRUE
Grand Hotel Bellevue,New York,New York,United States,3 star,Emma Davis,Ms.,TRUE
Seaside Resort & Spa,Miami,Florida,United States,3 star,William Johnson,Mr.,TRUE
Seaside Resort & Spa,Miami,Florida,United States,3 star,Olivia Wilson,Mr.,TRUE
Seaside Resort & Spa,Miami,Florida,United States,3 star,Liam Thompson,Ms.,TRUE
Seaside Resort & Spa,Miami,Florida,United States,3 star,Sophia Anderson,Ms.,TRUE
Sunset Paradise Resort,Miami,Florida,United States,3 star,John Thompson,Mr.,TRUE
Sunset Paradise Resort,Miami,Florida,United States,3 star,Emily Davis,Ms.,TRUE
Grand Hotel Elysium,Paris,Alca-de-France,France,3 star,William Johnson,Mr.,TRUE
Grand Hotel Elysium,Paris,Alca-de-France,France,3 star,Olivia Wilson,Ms.,TRUE
Oceanfront Resort & Spa,Malibu,California,United States,3 star,Lucas Anderson,Mr.,TRUE
Oceanfront Resort & Spa,Malibu,California,United States,3 star,Sophia Thompson,Ms.,TRUE
Alpine Lodge & Spa,Whistler,British Columbia,Canada,3 star,David Smith,Mr.,TRUE
Alpine Lodge & Spa,Whistler,British Columbia,Canada,3 star,Emma Wilson,Ms.,TRUE
Tropical Oasis Resort,Bali,Bali,Indonesia,3 star,Liam Davis,Mr.,TRUE
Paradise Beach Resort,Negombo,Western Province,Sri Lanka,3 star,Amara Silva,Mr.,TRUE
Paradise Beach Resort,Negombo,Western Province,Sri Lanka,3 star,Anil Fernando,Mr.,TRUE
Jungle Retreat Hotel,Ella,Uva Province,Sri Lanka,3 star,Kavindu Perera,Mr.,TRUE
Jungle Retreat Hotel,Ella,Uva Province,Sri Lanka,3 star,Nadeesha Senaratne,Mr.,TRUE
Coastal Haven Resort,Galle,Southern Province,Sri Lanka,3 star,Kamal Rajapaksa,Mr.,TRUE
Coastal Haven Resort,Galle,Southern Province,Sri Lanka,3 star,Dilani Perera,Ms.,TRUE
Royal Palace Hotel,Jaipur,Rajasthan,India,3 star,Rahul Sharma,Mr.,TRUE
Royal Palace Hotel,Jaipur,Rajasthan,India,3 star,Sneha Verma,Ms.,TRUE
Serenity Resort & Spa,Goa,Goa,India,3 star,Karan Patel,Mr.,TRUE
Serenity Resort & Spa,Goa,Goa,India,3 star,Priya Singh,Ms.,TRUE
Majestic Heritage Palace,Udaipur,Rajasthan,India,3 star,Rajesh Verma,Mr.,TRUE
Majestic Heritage Palace,Udaipur,Rajasthan,India,3 star,Ananya Gupta,Ms.,TRUE
Lakeside Lodge,Seattle,Washington,United States,3 star,Duke Detain,Mr.,TRUE
Lakeside Lodge,Seattle,Washington,United States,3 star,Fedrick Male,Mr.,TRUE
Cityscape Hotel,Chicago,Illinois,United States,3 star,Sincliar,Ms.,TRUE
Cityscape Hotel,Chicago,Illinois,United States,3 star,Tippy Door,Mr.,TRUE
Mountain Retreat Resort,Asheville,North Carolina,United States,3 star,Billy John,Mr.,TRUE
Mountain Retreat Resort,Asheville,North Carolina,United States,3 star,Burke Jane,Mr.,TRUE
