﻿First Name,Last Name,Lead Name,Hotel Name,City,State,Country,Partner Hotel,Hotel Category
Emily,Johnson,Emily Johnson,Oceanview Resort,Miami,Florida,United States,TRUE,3 star
Jacob,Davis,Jacob Davis,Sunset Hotel,Los Angeles,California,United States,TRUE,4 star
Sophia,Thompson,Sophia Thompson,Serene Lodge,Aspen,Colorado,United States,TRUE,3 star
Olivia,Anderson,Olivia Anderson,Paradise Palace,Honolulu,Hawaii,United States,TRUE,4 star
Noah,Wilson,Noah Wilson,Cityscape Inn,New York City,New York,United States,TRUE,3 star
Ava,Martinez,Ava Martinez,Lakeside Retreat,Vancouver,British Columbia,Canada,TRUE,4 star
Ethan,Roberts,Ethan Roberts,Snowpeak Lodge,Geneva,Switzerland,Switzerland,TRUE,3 star
Mia,Turner,Mia Turner,Beachside Resort,Sydney,New South Wales,Australia,TRUE,4 star
Liam,Smith,Liam Smith,Tropicana Hotel,Cancun,Quintana Roo,Mexico,TRUE,3 star
Emma,Walker,Emma Walker,Royal Plaza,London,England,United Kingdom,TRUE,4 star
