﻿Account Name,Billing City,Billing State,Billing Contry,Contact Name,Salutation,Is Partner Hotel,Hotel Cat,New Partner Enrollment Commission
Grand Hotel Bellevue,New York,New York,United States,John Smith,Mr.,TRUE,3 Star,80
Grand Hotel Bellevue,New York,New York,United States,Emily Johnson,Ms.,TRUE,3 Star,80
Grand Hotel Bellevue,New York,New York,United States,Michael Brown,Mr.,TRUE,3 Star,80
Grand Hotel Bellevue,New York,New York,United States,Emma Davis,Ms.,TRUE,3 Star,80
Seaside Resort & Spa,Miami,Florida,United States,William Johnson,Mr.,TRUE,3 Star,80
Seaside Resort & Spa,Miami,Florida,United States,Olivia Wilson,Mr.,TRUE,3 Star,80
Seaside Resort & Spa,Miami,Florida,United States,Liam Thompson,Ms.,TRUE,3 Star,80
Seaside Resort & Spa,Miami,Florida,United States,Sophia Anderson,Ms.,TRUE,3 Star,80
Sunset Paradise Resort,Miami,Florida,United States,John Thompson,Mr.,TRUE,3 Star,80
Sunset Paradise Resort,Miami,Florida,United States,Emily Davis,Ms.,TRUE,3 Star,80
Grand Hotel Elysium,Paris,Alca-de-France,France,William Johnson,Mr.,TRUE,3 Star,80
Grand Hotel Elysium,Paris,Alca-de-France,France,Olivia Wilson,Ms.,TRUE,3 Star,80
Oceanfront Resort & Spa,Malibu,California,United States,Lucas Anderson,Mr.,TRUE,3 Star,80
Oceanfront Resort & Spa,Malibu,California,United States,Sophia Thompson,Ms.,TRUE,3 Star,80
Alpine Lodge & Spa,Whistler,British Columbia,Canada,David Smith,Mr.,TRUE,3 Star,80
Alpine Lodge & Spa,Whistler,British Columbia,Canada,Emma Wilson,Ms.,TRUE,3 Star,80
Tropical Oasis Resort,Bali,Bali,Indonesia,Liam Davis,Mr.,TRUE,3 Star,80
Paradise Beach Resort,Negombo,Western Province,Sri Lanka,Amara Silva,Mr.,TRUE,3 Star,80
Paradise Beach Resort,Negombo,Western Province,Sri Lanka,Anil Fernando,Mr.,TRUE,3 Star,80
Jungle Retreat Hotel,Ella,Uva Province,Sri Lanka,Kavindu Perera,Mr.,TRUE,3 Star,80
Jungle Retreat Hotel,Ella,Uva Province,Sri Lanka,Nadeesha Senaratne,Mr.,TRUE,3 Star,80
Coastal Haven Resort,Galle,Southern Province,Sri Lanka,Kamal Rajapaksa,Mr.,TRUE,3 Star,80
Coastal Haven Resort,Galle,Southern Province,Sri Lanka,Dilani Perera,Ms.,TRUE,3 Star,80
Royal Palace Hotel,Jaipur,Rajasthan,India,Rahul Sharma,Mr.,TRUE,3 Star,80
Royal Palace Hotel,Jaipur,Rajasthan,India,Sneha Verma,Ms.,TRUE,3 Star,80
Serenity Resort & Spa,Goa,Goa,India,Karan Patel,Mr.,TRUE,3 Star,80
Serenity Resort & Spa,Goa,Goa,India,Priya Singh,Ms.,TRUE,3 Star,80
Majestic Heritage Palace,Udaipur,Rajasthan,India,Rajesh Verma,Mr.,TRUE,3 Star,80
Majestic Heritage Palace,Udaipur,Rajasthan,India,Ananya Gupta,Ms.,TRUE,3 Star,80
Lakeside Lodge,Seattle,Washington,United States,Duke Detain,Mr.,TRUE,3 Star,80
Lakeside Lodge,Seattle,Washington,United States,Fedrick Male,Mr.,TRUE,3 Star,80
Cityscape Hotel,Chicago,Illinois,United States,Sincliar,Ms.,TRUE,3 Star,80
Cityscape Hotel,Chicago,Illinois,United States,Tippy Door,Mr.,TRUE,3 Star,80
Mountain Retreat Resort,Asheville,North Carolina,United States,Billy John,Mr.,TRUE,3 Star,80
Mountain Retreat Resort,Asheville,North Carolina,United States,Burke Jane,Mr.,TRUE,3 Star,80
