account,Contact,Customer review,,Hotel Review Name
Grand Hotel Bellevue,John Smith,The hotel staff was friendly and the room was clean.,,H1
Grand Hotel Bellevue,John Smith,The food at the hotel restaurant was terrible.,,H2
Grand Hotel Bellevue,John Smith,The hotel room had a beautiful view of the city.,,H3
Grand Hotel Bellevue,Emily Johnson,Great customer service and comfortable beds.,,H4
Grand Hotel Bellevue,Emily Johnson,The Wi-Fi in the hotel was unreliable.,,H5
Grand Hotel Bellevue,Emily Johnson,The hotel gym was well-equipped and clean.,,H6
Grand Hotel Bellevue,Michael Brown,The hotel exceeded my expectations.,,H7
Grand Hotel Bellevue,Michael Brown,The check-in process was slow and inefficient.,,H8
Grand Hotel Bellevue,Michael Brown,The hotel location was convenient for sightseeing.,,H9
Grand Hotel Bellevue,Emma Davis,The room service was prompt and the food was delicious.,,H10
Grand Hotel Bellevue,Emma Davis,The hotel amenities were outdated.,,H11
Seaside Resort & Spa,William Johnson,The staff was welcoming and accommodating.,,H12
Seaside Resort & Spa,William Johnson,The noise level in the hotel was unbearable.,,H13
Seaside Resort & Spa,William Johnson,The hotel had a lovely swimming pool.,,H14
Seaside Resort & Spa,Olivia Wilson,The room was clean and well-maintained.,,H15
Seaside Resort & Spa,Olivia Wilson,The hotel lacked proper heating in the rooms.,,H16
Seaside Resort & Spa,Olivia Wilson,The hotel provided a free shuttle service to the airport.,,H17
Seaside Resort & Spa,Liam Thompson,The hotel staff was knowledgeable about local attractions.,,H18
Seaside Resort & Spa,Liam Thompson,The breakfast options were limited.,,H19
Seaside Resort & Spa,Liam Thompson,The hotel had a beautiful garden.,,H20
Seaside Resort & Spa,Sophia Anderson,The hotel spa services were relaxing and rejuvenating.,,H21
Sunset Paradise Resort,John Thompson,The hotel staff was friendly and the room was clean.,,H22
Sunset Paradise Resort,John Thompson,The food at the hotel restaurant was terrible.,,H23
Sunset Paradise Resort,John Thompson,The hotel room had a beautiful view of the city.,,H24
Sunset Paradise Resort,Emily Davis,Great customer service and comfortable beds.,,H25
Sunset Paradise Resort,Emily Davis,The Wi-Fi in the hotel was unreliable.,,H26
Grand Hotel Elysium,William Johnson,The staff was welcoming and accommodating.,,H27
Grand Hotel Elysium,William Johnson,The noise level in the hotel was unbearable.,,H28
Grand Hotel Elysium,William Johnson,The hotel had a lovely swimming pool.,,H29
Grand Hotel Elysium,Olivia Wilson,The room was clean and well-maintained.,,H30
Grand Hotel Elysium,Olivia Wilson,The hotel lacked proper heating in the rooms.,,H31
Oceanfront Resort & Spa,Lucas Anderson,The hotel had breathtaking views of the ocean.,,H32
Oceanfront Resort & Spa,Lucas Anderson,The room cleanliness could have been improved.,,H33
Oceanfront Resort & Spa,Lucas Anderson,The hotel staff was helpful and attentive.,,H34
Oceanfront Resort & Spa,Sophia Thompson,The hotel location was convenient for beach activities.,,H35
Oceanfront Resort & Spa,Sophia Thompson,The room service was slow and the food was disappointing.,,H36
Alpine Lodge & Spa,David Smith,The hotel had a cozy and rustic atmosphere.,,H37
Alpine Lodge & Spa,David Smith,The room had a strange odor.,,H38
Alpine Lodge & Spa,David Smith,The hotel staff was knowledgeable about local hiking trails.,,H39
Alpine Lodge & Spa,Emma Wilson,The hotel location was convenient for skiing.,,H40
Alpine Lodge & Spa,Emma Wilson,The room heating was not working properly.,,H41
Tropical Oasis Resort,Liam Davis,The hotel had lush tropical gardens.,,H42
Tropical Oasis Resort,Liam Davis,The hotel room was not clean upon arrival.,,H43
Tropical Oasis Resort,Liam Davis,The hotel pool was refreshing and well,,H44
Paradise Beach Resort,Amara Silva,The hotel had a beautiful private beach.,,H45
Paradise Beach Resort,Amara Silva,The room service was slow and unresponsive.,,H46
Paradise Beach Resort,Amara Silva,The hotel staff was friendly and welcoming.,,H47
Paradise Beach Resort,Anil Fernando,The hotel room had a great ocean view.,,H48
Paradise Beach Resort,Anil Fernando,The cleanliness of the hotel needs improvement.,,H49
Jungle Retreat Hotel,Kavindu Perera,The hotel was surrounded by lush greenery.,,H50
Jungle Retreat Hotel,Kavindu Perera,The hotel room had a musty smell.,,H51
Jungle Retreat Hotel,Kavindu Perera,The hotel provided a guided jungle trekking experience.,,H52
Jungle Retreat Hotel,Nadeesha Senaratne,The hotel staff was attentive and friendly.,,H53
Jungle Retreat Hotel,Nadeesha Senaratne,The Wi-Fi connectivity in the hotel was poor.,,H54
Coastal Haven Resort,Kamal Rajapaksa,The hotel had stunning views of the coastline.,,H55
Coastal Haven Resort,Kamal Rajapaksa,The cleanliness of the hotel was satisfactory.,,H56
Coastal Haven Resort,Kamal Rajapaksa,The hotel staff was helpful and polite.,,H57
Coastal Haven Resort,Dilani Perera,The hotel lacked variety in breakfast options.,,H58
Coastal Haven Resort,Dilani Perera,The hotel location was convenient for exploring nearby attractions.,,H59
Royal Palace Hotel,Rahul Sharma,The hotel staff provided excellent service.,,H60
Royal Palace Hotel,Rahul Sharma,The room was spacious and comfortable.,,H61
Royal Palace Hotel,Rahul Sharma,The hotel had a beautiful rooftop restaurant.,,H62
Royal Palace Hotel,Sneha Verma,The cleanliness of the hotel could be improved.,,H63
Royal Palace Hotel,Sneha Verma,The hotel's location was convenient for sightseeing.,,H64
Serenity Resort & Spa,Karan Patel,The beachfront view from the hotel was breathtaking.,,H65
Serenity Resort & Spa,Karan Patel,The hotel room had a damp smell.,,H66
Serenity Resort & Spa,Karan Patel,The spa services at the hotel were rejuvenating.,,H67
Serenity Resort & Spa,Priya Singh,The hotel staff was friendly and helpful.,,H68
Serenity Resort & Spa,Priya Singh,The hotel lacked vegetarian food options.,,H69
Majestic Heritage Palace,Rajesh Verma,The hotel's architecture and design were impressive.,,H70
Majestic Heritage Palace,Rajesh Verma,The room cleanliness was subpar.,,H71
Majestic Heritage Palace,Rajesh Verma,The hotel provided a cultural dance performance in the evening.,,H72
Majestic Heritage Palace,Ananya Gupta,The hotel staff was courteous and attentive.,,H73
Majestic Heritage Palace,Ananya Gupta,The hotel restaurant had limited menu options.,,H74
Lakeside Lodge,Duke Detain,The hotel had a beautiful view of the lake.,,H75
Lakeside Lodge,Duke Detain,The staff at the hotel was friendly and helpful.,,H76
Lakeside Lodge,Fedrick Male,The room was clean and comfortable.,,H77
Lakeside Lodge,Fedrick Male,The hotel restaurant had a limited menu.,,H78
Cityscape Hotel,Sincliar,The hotel location was convenient for exploring the city.,,H79
Cityscape Hotel,Sincliar,The room service was prompt and efficient.,,H80
Cityscape Hotel,Tippy Door,The hotel had a modern and stylish design.,,H81
Cityscape Hotel,Tippy Door,The noise level in the hotel was too high.,,H82
Mountain Retreat Resort,Billy John,The hotel provided a peaceful and relaxing atmosphere.,,H83
Mountain Retreat Resort,Billy John,The hotel staff was knowledgeable about hiking trails in the area.,,H84
Mountain Retreat Resort,Burke Jane,The food at the hotel restaurant was delicious.,,H85
Mountain Retreat Resort,Burke Jane,The room cleanliness could have been better.,,H86
