﻿First Name,Last Name,Hotel Name,City,State,Country,Partner Hotel,Hotel Category,Company
Emily,Johnson,Oceanview Resort,Miami,Florida,United States,TRUE,3 star,Infosys
Jacob,Davis,Sunset Hotel,Los Angeles,California,United States,TRUE,4 star,Cognizant
Sophia,Thompson,Serene Lodge,Aspen,Colorado,United States,TRUE,3 star,HCL
Olivia,Anderson,Paradise Palace,Honolulu,Hawaii,United States,TRUE,4 star,HexaWare
Noah,Wilson,Cityscape Inn,New York City,New York,United States,TRUE,3 star,CGI
Ava,Martinez,Lakeside Retreat,Vancouver,British Columbia,Canada,TRUE,4 star,Company
Ethan,Roberts,Snowpeak Lodge,Geneva,Switzerland,Switzerland,TRUE,3 star,Infosys
Mia,Turner,Beachside Resort,Sydney,New South Wales,Australia,TRUE,4 star,Cognizant
Liam,Smith,Tropicana Hotel,Cancun,Quintana Roo,Mexico,TRUE,3 star,HCL
Emma,Walker,Royal Plaza,London,England,United Kingdom,TRUE,4 star,HexaWare
